time_stamp,lat,lon,alt
2026-05-28T02:34:43.600Z,24.9428221,121.3704243,-0.18
2026-05-28T02:34:44.588Z,24.9428229,121.3704245,-0.226
2026-05-28T02:34:45.585Z,24.9428256,121.3704287,0.0
2026-05-28T02:34:46.581Z,24.9428285,121.3704352,0.166
2026-05-28T02:34:47.590Z,24.9428331,121.3704423,-0.135
2026-05-28T02:34:48.596Z,24.9428363,121.3704479,-0.045
2026-05-28T02:34:49.634Z,24.9428398,121.3704521,0.0
2026-05-28T02:34:50.590Z,24.9428431,121.3704556,0.192
2026-05-28T02:34:51.595Z,24.9428465,121.3704603,0.059
2026-05-28T02:34:52.601Z,24.9428494,121.3704589,-0.016
2026-05-28T02:34:53.592Z,24.9428513,121.3704553,0.031
2026-05-28T02:34:54.600Z,24.9428515,121.3704484,-0.276
2026-05-28T02:34:55.590Z,24.9428521,121.3704425,-0.129
2026-05-28T02:34:56.592Z,24.9428525,121.3704347,0.197
2026-05-28T02:34:57.600Z,24.9428509,121.3704272,-0.067
2026-05-28T02:34:58.589Z,24.9428508,121.3704195,-0.186
2026-05-28T02:34:59.595Z,24.9428482,121.3704088,-0.005
2026-05-28T02:35:00.589Z,24.9428452,121.3704037,0.028
2026-05-28T02:35:01.605Z,24.9428401,121.3703889,0.214
2026-05-28T02:35:02.586Z,24.9428353,121.3703705,0.042
2026-05-28T02:35:03.590Z,24.9428301,121.3703524,0.175
2026-05-28T02:35:04.591Z,24.9428251,121.3703339,0.107
2026-05-28T02:35:05.589Z,24.9428212,121.3703144,0.291
2026-05-28T02:35:06.607Z,24.9428176,121.3702943,0.036
2026-05-28T02:35:07.594Z,24.9428147,121.3702769,0.245
2026-05-28T02:35:08.595Z,24.9428145,121.3702677,-0.016
2026-05-28T02:35:09.611Z,24.942816,121.370263,0.036
2026-05-28T02:35:10.598Z,24.9428186,121.3702693,0.149
2026-05-28T02:35:11.600Z,24.9428208,121.3702697,0.042
2026-05-28T02:35:12.591Z,24.9428238,121.3702766,0.101
2026-05-28T02:35:13.599Z,24.9428268,121.3702784,0.161
2026-05-28T02:35:14.591Z,24.9428308,121.3702861,0.067
2026-05-28T02:35:15.594Z,24.9428342,121.3702873,0.186
2026-05-28T02:35:16.584Z,24.9428375,121.3702962,-0.129
2026-05-28T02:35:17.582Z,24.9428409,121.3703027,0.008
2026-05-28T02:35:18.593Z,24.9428434,121.370303,0.149
2026-05-28T02:35:19.613Z,24.9428453,121.3703081,0.011
2026-05-28T02:35:20.591Z,24.9428447,121.370309,0.059
2026-05-28T02:35:21.588Z,24.9428453,121.3703106,0.158
2026-05-28T02:35:22.593Z,24.9428463,121.3703179,0.192
2026-05-28T02:35:23.595Z,24.942845,121.370323,0.127
2026-05-28T02:35:24.586Z,24.9428441,121.3703252,0.37
2026-05-28T02:35:25.582Z,24.9428429,121.3703251,0.251
2026-05-28T02:35:26.591Z,24.9428425,121.3703331,-0.011
2026-05-28T02:35:27.586Z,24.9428427,121.3703377,-0.079
2026-05-28T02:35:28.602Z,24.9428443,121.3703558,0.005
2026-05-28T02:35:29.589Z,24.9428464,121.3703742,0.064
2026-05-28T02:35:30.587Z,24.9428492,121.3703932,0.172
2026-05-28T02:35:31.589Z,24.9428528,121.3704093,0.059
2026-05-28T02:35:32.590Z,24.9428566,121.3704295,0.079
2026-05-28T02:35:33.595Z,24.9428586,121.3704406,-0.045
2026-05-28T02:35:34.588Z,24.9428622,121.370453,0.115
2026-05-28T02:35:35.591Z,24.942866,121.3704698,0.008
2026-05-28T02:35:36.593Z,24.9428703,121.370489,-0.05
2026-05-28T02:35:37.588Z,24.942875,121.3705068,0.178
2026-05-28T02:35:38.586Z,24.9428803,121.3705261,0.282
2026-05-28T02:35:39.588Z,24.9428851,121.370544,0.079
2026-05-28T02:35:40.595Z,24.9428895,121.3705569,-0.079
2026-05-28T02:35:41.591Z,24.942892,121.3705686,0.296
2026-05-28T02:35:42.590Z,24.9428952,121.3705784,0.401
2026-05-28T02:35:43.593Z,24.9428973,121.3705835,0.113
2026-05-28T02:35:44.592Z,24.9428993,121.3705883,-0.045
2026-05-28T02:35:45.586Z,24.9429011,121.3705957,0.127
2026-05-28T02:35:46.591Z,24.9429024,121.3706022,0.084
2026-05-28T02:35:47.592Z,24.9429048,121.3706097,0.262
2026-05-28T02:35:48.586Z,24.9429065,121.3706179,0.033
2026-05-28T02:35:49.599Z,24.9429079,121.3706232,0.155
2026-05-28T02:35:50.601Z,24.9429092,121.3706304,0.163
2026-05-28T02:35:51.578Z,24.9429105,121.3706308,0.059
2026-05-28T02:35:52.584Z,24.9429117,121.3706361,0.084
2026-05-28T02:35:53.591Z,24.9429135,121.370635,0.107
2026-05-28T02:35:54.656Z,24.9429161,121.3706341,0.039
2026-05-28T02:35:55.598Z,24.942919,121.3706384,-0.056
2026-05-28T02:35:56.588Z,24.9429211,121.3706416,0.115
2026-05-28T02:35:57.592Z,24.9429243,121.3706448,0.056
2026-05-28T02:35:58.589Z,24.9429278,121.3706539,0.163
2026-05-28T02:35:59.619Z,24.9429302,121.3706604,-0.129
2026-05-28T02:36:00.587Z,24.9429333,121.3706608,-0.011
2026-05-28T02:36:01.587Z,24.9429369,121.3706685,-0.056
2026-05-28T02:36:02.599Z,24.9429392,121.3706727,0.039
2026-05-28T02:36:03.594Z,24.942941,121.3706732,-0.192
2026-05-28T02:36:04.612Z,24.9429431,121.3706768,-0.028
2026-05-28T02:36:05.584Z,24.9429442,121.3706847,0.214
2026-05-28T02:36:06.599Z,24.9429452,121.3706855,0.07
2026-05-28T02:36:07.613Z,24.9429453,121.3706822,0.062
2026-05-28T02:36:08.583Z,24.9429446,121.3706783,-0.016
2026-05-28T02:36:09.585Z,24.9429435,121.3706709,0.257
2026-05-28T02:36:10.589Z,24.9429417,121.3706598,0.166
2026-05-28T02:36:11.626Z,24.9429407,121.3706504,0.011
2026-05-28T02:36:12.587Z,24.94294,121.370646,0.0
2026-05-28T02:36:13.598Z,24.9429389,121.3706409,0.104
2026-05-28T02:36:14.596Z,24.9429387,121.3706348,0.37
2026-05-28T02:36:15.594Z,24.9429387,121.3706298,-0.09
2026-05-28T02:36:16.593Z,24.9429402,121.3706308,-0.028
2026-05-28T02:36:17.604Z,24.9429421,121.370628,0.211
2026-05-28T02:36:18.614Z,24.9429437,121.3706303,0.364
2026-05-28T02:36:19.597Z,24.9429462,121.370637,0.056
2026-05-28T02:36:20.589Z,24.9429482,121.3706475,0.163
2026-05-28T02:36:21.592Z,24.9429498,121.3706484,0.135
2026-05-28T02:36:22.690Z,24.9429527,121.3706521,0.138
2026-05-28T02:36:23.586Z,24.9429543,121.3706514,0.274
2026-05-28T02:36:24.586Z,24.9429546,121.3706438,0.356
2026-05-28T02:36:25.595Z,24.9429557,121.370641,0.211
2026-05-28T02:36:26.601Z,24.9429549,121.3706354,0.098
2026-05-28T02:36:27.593Z,24.9429542,121.3706268,-0.163
2026-05-28T02:36:28.595Z,24.9429526,121.3706227,-0.039
2026-05-28T02:36:29.591Z,24.9429503,121.3706092,0.313
2026-05-28T02:36:30.590Z,24.9429469,121.3705942,0.002
2026-05-28T02:36:31.605Z,24.9429438,121.3705833,0.18
2026-05-28T02:36:32.583Z,24.9429417,121.3705637,-0.016
2026-05-28T02:36:33.612Z,24.9429384,121.3705526,-0.113
2026-05-28T02:36:34.588Z,24.9429353,121.370548,0.135
2026-05-28T02:36:35.590Z,24.9429339,121.3705478,0.073
2026-05-28T02:36:36.617Z,24.9429332,121.3705488,-0.033
2026-05-28T02:36:37.615Z,24.9429338,121.3705488,-0.118
2026-05-28T02:36:38.599Z,24.942934,121.3705384,-0.118
2026-05-28T02:36:39.600Z,24.9429355,121.3705358,0.228
2026-05-28T02:36:40.586Z,24.9429365,121.3705369,0.113
2026-05-28T02:36:41.583Z,24.9429392,121.3705364,0.067
2026-05-28T02:36:42.603Z,24.9429417,121.3705431,0.076
2026-05-28T02:36:43.587Z,24.9429446,121.3705445,0.163
2026-05-28T02:36:44.589Z,24.9429468,121.370543,0.172
2026-05-28T02:36:45.590Z,24.9429498,121.3705464,0.028
2026-05-28T02:36:46.590Z,24.9429532,121.3705536,0.426
2026-05-28T02:36:47.655Z,24.9429559,121.3705574,-0.197
2026-05-28T02:36:48.585Z,24.9429584,121.3705636,0.098
2026-05-28T02:36:49.590Z,24.94296,121.3705682,0.347
2026-05-28T02:36:50.601Z,24.9429606,121.3705643,0.194
2026-05-28T02:36:51.591Z,24.9429605,121.3705581,-0.096
2026-05-28T02:36:52.600Z,24.9429599,121.3705556,0.214
2026-05-28T02:36:53.586Z,24.9429589,121.3705509,0.299
2026-05-28T02:36:54.588Z,24.9429564,121.3705473,0.279
2026-05-28T02:36:55.590Z,24.9429544,121.3705441,0.163
2026-05-28T02:36:56.592Z,24.9429527,121.3705411,0.172
2026-05-28T02:36:57.586Z,24.942951,121.3705391,0.206
2026-05-28T02:36:58.584Z,24.9429486,121.3705329,0.036
2026-05-28T02:36:59.591Z,24.942946,121.3705264,0.33
2026-05-28T02:37:00.588Z,24.9429438,121.3705228,0.127
2026-05-28T02:37:01.587Z,24.9429415,121.3705185,0.138
2026-05-28T02:37:02.592Z,24.9429412,121.3705148,0.336
2026-05-28T02:37:03.583Z,24.9429405,121.3705098,0.002
2026-05-28T02:37:04.587Z,24.942941,121.3705077,0.07
2026-05-28T02:37:05.584Z,24.9429419,121.3705079,0.231
2026-05-28T02:37:06.600Z,24.942942,121.3705089,0.127
2026-05-28T02:37:07.596Z,24.9429424,121.3705087,0.104
2026-05-28T02:37:08.599Z,24.9429419,121.3705081,0.166
2026-05-28T02:37:09.589Z,24.9429428,121.3705088,-0.361
2026-05-28T02:37:10.594Z,24.9429423,121.3705093,-0.237
2026-05-28T02:37:11.586Z,24.9429426,121.3705105,0.228
2026-05-28T02:37:12.586Z,24.942942,121.3705115,0.11
2026-05-28T02:37:13.591Z,24.9429411,121.3705103,0.197
2026-05-28T02:37:14.588Z,24.9429406,121.3705084,0.053
2026-05-28T02:37:15.589Z,24.9429401,121.3705129,-0.062
2026-05-28T02:37:16.597Z,24.9429408,121.3705135,0.152
2026-05-28T02:37:17.588Z,24.9429403,121.3705156,0.104
2026-05-28T02:37:18.693Z,24.9429397,121.3705181,-0.09
2026-05-28T02:37:19.601Z,24.9429384,121.3705155,0.096
2026-05-28T02:37:20.584Z,24.942938,121.3705142,0.124
2026-05-28T02:37:21.575Z,24.9429377,121.3705127,-0.141
2026-05-28T02:37:22.584Z,24.942937,121.3705114,-0.248
2026-05-28T02:37:23.589Z,24.9429357,121.3705112,0.084
2026-05-28T02:37:24.587Z,24.9429352,121.3705065,0.096
2026-05-28T02:37:25.588Z,24.9429342,121.3705028,0.104
2026-05-28T02:37:26.595Z,24.9429335,121.3704996,0.008
2026-05-28T02:37:27.589Z,24.9429324,121.3704963,0.005
2026-05-28T02:37:28.596Z,24.9429321,121.3704978,-0.09
2026-05-28T02:37:29.607Z,24.9429309,121.3704927,0.234
2026-05-28T02:37:30.585Z,24.942931,121.370493,0.033
2026-05-28T02:37:31.579Z,24.9429301,121.37049,0.042
2026-05-28T02:37:32.586Z,24.942928,121.3704843,0.104
2026-05-28T02:37:33.592Z,24.9429273,121.370483,0.265
2026-05-28T02:37:34.594Z,24.9429267,121.3704834,-0.09
2026-05-28T02:37:35.579Z,24.9429257,121.3704802,0.132
2026-05-28T02:37:36.585Z,24.9429252,121.3704812,0.254
2026-05-28T02:37:37.587Z,24.9429246,121.3704801,-0.141
2026-05-28T02:37:38.627Z,24.9429248,121.3704789,0.282
2026-05-28T02:37:39.618Z,24.9429256,121.3704792,-0.033
2026-05-28T02:37:40.593Z,24.9429255,121.3704784,0.028
2026-05-28T02:37:41.587Z,24.9429249,121.3704772,0.127
2026-05-28T02:37:42.599Z,24.942924,121.3704774,0.11
2026-05-28T02:37:43.581Z,24.9429228,121.3704777,0.146
2026-05-28T02:37:44.589Z,24.9429224,121.3704806,0.211
2026-05-28T02:37:45.584Z,24.9429217,121.3704823,0.381
2026-05-28T02:37:46.578Z,24.9429215,121.3704835,0.062
2026-05-28T02:37:47.574Z,24.9429208,121.3704845,0.186
2026-05-28T02:37:48.583Z,24.9429201,121.3704856,0.022
2026-05-28T02:37:49.587Z,24.9429194,121.3704861,0.169
2026-05-28T02:37:50.592Z,24.942919,121.3704861,0.127
2026-05-28T02:37:51.582Z,24.9429184,121.3704876,0.101
2026-05-28T02:37:52.576Z,24.9429173,121.3704874,0.118
2026-05-28T02:37:53.580Z,24.9429161,121.3704864,0.234
2026-05-28T02:37:54.587Z,24.942915,121.3704847,0.175
2026-05-28T02:37:55.594Z,24.9429142,121.3704839,-0.067
2026-05-28T02:37:56.585Z,24.9429135,121.3704847,0.141
2026-05-28T02:37:57.595Z,24.9429123,121.3704856,0.09
2026-05-28T02:37:58.625Z,24.942911,121.3704864,0.022
2026-05-28T02:37:59.578Z,24.9429103,121.3704877,-0.016
2026-05-28T02:38:00.585Z,24.9429097,121.3704891,0.048
2026-05-28T02:38:01.591Z,24.9429099,121.3704911,-0.016
2026-05-28T02:38:02.580Z,24.9429096,121.3704918,0.064
2026-05-28T02:38:03.582Z,24.942909,121.3704903,0.039
2026-05-28T02:38:04.586Z,24.9429081,121.3704891,0.31
2026-05-28T02:38:05.582Z,24.9429095,121.3704922,0.039
2026-05-28T02:38:06.584Z,24.9429092,121.3704917,0.135
2026-05-28T02:38:07.593Z,24.9429094,121.3704895,-0.067
2026-05-28T02:38:08.570Z,24.9429086,121.370487,0.203
2026-05-28T02:38:09.596Z,24.942908,121.3704847,0.115
2026-05-28T02:38:10.588Z,24.9429079,121.3704823,0.146
2026-05-28T02:38:11.635Z,24.9429078,121.3704803,-0.062
2026-05-28T02:38:12.587Z,24.9429072,121.3704773,0.197
2026-05-28T02:38:13.581Z,24.942906,121.3704756,-0.107
2026-05-28T02:38:14.571Z,24.9429056,121.3704734,-0.113
2026-05-28T02:38:15.579Z,24.9429043,121.3704715,-0.05
2026-05-28T02:38:16.594Z,24.9429035,121.3704699,0.016
2026-05-28T02:38:17.580Z,24.942903,121.3704662,0.0
2026-05-28T02:38:18.579Z,24.9429038,121.3704662,0.259
2026-05-28T02:38:19.584Z,24.9429049,121.3704646,0.016
2026-05-28T02:38:20.591Z,24.9429017,121.3704681,-0.011
2026-05-28T02:38:21.588Z,24.9428971,121.3704703,0.124
2026-05-28T02:38:22.598Z,24.9428976,121.3704719,0.011
2026-05-28T02:38:23.588Z,24.942897,121.3704746,0.33
2026-05-28T02:38:24.586Z,24.9428984,121.370475,0.375
2026-05-28T02:38:25.571Z,24.9428991,121.3704742,0.251
2026-05-28T02:38:26.584Z,24.9428989,121.3704714,0.101
2026-05-28T02:38:27.589Z,24.942898,121.3704704,-0.073
2026-05-28T02:38:28.581Z,24.9428969,121.3704692,0.144
2026-05-28T02:38:29.587Z,24.9428969,121.3704685,0.008
2026-05-28T02:38:30.599Z,24.942896,121.3704665,0.22
2026-05-28T02:38:31.582Z,24.942895,121.3704649,0.045
2026-05-28T02:38:32.580Z,24.9428942,121.3704632,0.336
2026-05-28T02:38:33.588Z,24.9428941,121.3704617,0.048
2026-05-28T02:38:34.590Z,24.9428928,121.3704579,0.324
2026-05-28T02:38:35.582Z,24.9428898,121.3704513,0.093
2026-05-28T02:38:36.583Z,24.9428869,121.3704454,0.166
2026-05-28T02:38:37.587Z,24.9428846,121.3704411,0.308
2026-05-28T02:38:38.573Z,24.9428836,121.3704392,0.073
2026-05-28T02:38:39.593Z,24.9428817,121.3704349,-0.005
2026-05-28T02:38:40.582Z,24.9428818,121.3704347,0.059
2026-05-28T02:38:41.581Z,24.942882,121.3704336,0.002
2026-05-28T02:38:42.578Z,24.9428813,121.3704317,0.039
2026-05-28T02:38:43.580Z,24.9428793,121.3704311,0.223
2026-05-28T02:38:44.599Z,24.9428796,121.3704323,-0.016
2026-05-28T02:38:45.599Z,24.9428798,121.3704337,0.237
2026-05-28T02:38:46.593Z,24.9428792,121.3704339,0.22
2026-05-28T02:38:47.582Z,24.9428795,121.3704357,0.064
2026-05-28T02:38:48.579Z,24.9428806,121.3704398,0.07
2026-05-28T02:38:49.589Z,24.9428802,121.3704396,0.002
2026-05-28T02:38:50.616Z,24.9428799,121.3704413,0.339
2026-05-28T02:38:51.578Z,24.9428805,121.3704408,0.042
2026-05-28T02:38:52.594Z,24.9428807,121.3704408,0.149
2026-05-28T02:38:53.582Z,24.942882,121.3704404,0.152
2026-05-28T02:38:54.579Z,24.9428825,121.3704399,0.005
2026-05-28T02:38:55.598Z,24.9428822,121.3704373,0.002
2026-05-28T02:38:56.585Z,24.9428823,121.3704348,-0.045
2026-05-28T02:38:57.582Z,24.942882,121.3704318,0.158
2026-05-28T02:38:58.585Z,24.9428818,121.3704311,-0.011
2026-05-28T02:38:59.584Z,24.9428817,121.3704309,0.033
2026-05-28T02:39:00.599Z,24.9428821,121.3704303,-0.05
2026-05-28T02:39:01.592Z,24.9428825,121.3704305,0.163
2026-05-28T02:39:02.586Z,24.9428834,121.3704285,-0.056
2026-05-28T02:39:03.583Z,24.9428847,121.3704297,-0.113
2026-05-28T02:39:04.582Z,24.9428853,121.3704305,0.118
2026-05-28T02:39:05.586Z,24.9428851,121.3704305,0.098
2026-05-28T02:39:06.585Z,24.9428844,121.3704294,0.169
2026-05-28T02:39:07.578Z,24.9428838,121.370428,-0.096
2026-05-28T02:39:08.587Z,24.9428838,121.370427,0.073
2026-05-28T02:39:09.598Z,24.9428845,121.3704277,-0.062
2026-05-28T02:39:10.670Z,24.9428837,121.3704268,0.07
2026-05-28T02:39:11.588Z,24.9428833,121.3704268,0.152
2026-05-28T02:39:12.592Z,24.9428828,121.3704262,0.265
2026-05-28T02:39:13.606Z,24.9428826,121.3704256,0.127
2026-05-28T02:39:14.584Z,24.9428842,121.370428,0.042
2026-05-28T02:39:15.572Z,24.9428842,121.3704288,0.37
2026-05-28T02:39:16.583Z,24.9428837,121.3704284,0.079
2026-05-28T02:39:17.583Z,24.9428828,121.370427,-0.079
2026-05-28T02:39:18.593Z,24.9428827,121.3704269,0.155
2026-05-28T02:39:19.569Z,24.9428828,121.370425,0.327
2026-05-28T02:39:20.574Z,24.942882,121.3704219,0.138
2026-05-28T02:39:21.585Z,24.9428818,121.3704205,0.285
2026-05-28T02:39:22.585Z,24.9428811,121.3704197,0.031
2026-05-28T02:39:23.598Z,24.9428803,121.3704185,-0.073
2026-05-28T02:39:24.584Z,24.9428802,121.3704185,0.101
2026-05-28T02:39:25.574Z,24.9428791,121.370417,0.169
2026-05-28T02:39:26.588Z,24.9428779,121.3704145,0.211
2026-05-28T02:39:27.580Z,24.9428778,121.3704131,0.146
2026-05-28T02:39:28.572Z,24.9428772,121.3704109,0.104
2026-05-28T02:39:29.589Z,24.9428771,121.3704098,0.217
2026-05-28T02:39:30.577Z,24.9428764,121.3704088,0.211
2026-05-28T02:39:31.576Z,24.9428754,121.3704072,0.033
2026-05-28T02:39:32.579Z,24.9428745,121.3704046,0.014
2026-05-28T02:39:33.605Z,24.9428737,121.3704027,0.163
2026-05-28T02:39:34.584Z,24.9428724,121.3704011,0.259
2026-05-28T02:39:35.582Z,24.9428723,121.3704013,0.022
2026-05-28T02:39:36.579Z,24.9428719,121.3704004,0.098
2026-05-28T02:39:37.587Z,24.9428708,121.3703991,-0.141
2026-05-28T02:39:38.613Z,24.9428688,121.3703965,0.257
2026-05-28T02:39:39.590Z,24.9428685,121.3703972,0.469
2026-05-28T02:39:40.584Z,24.9428679,121.3703952,0.107
2026-05-28T02:39:41.580Z,24.9428666,121.3703935,0.265
2026-05-28T02:39:42.587Z,24.9428656,121.3703947,-0.203
2026-05-28T02:39:43.622Z,24.9428641,121.3703964,0.084
2026-05-28T02:39:44.598Z,24.9428626,121.3703984,0.223
2026-05-28T02:39:45.583Z,24.9428617,121.3704015,0.062
2026-05-28T02:39:46.581Z,24.9428604,121.3704042,-0.045
2026-05-28T02:39:47.574Z,24.9428594,121.3704067,-0.158
2026-05-28T02:39:48.583Z,24.9428589,121.3704091,-0.107
2026-05-28T02:39:49.695Z,24.9428586,121.3704121,0.053
2026-05-28T02:39:50.631Z,24.9428578,121.3704134,0.149
2026-05-28T02:39:51.591Z,24.9428571,121.3704147,0.118
2026-05-28T02:39:52.583Z,24.9428569,121.3704178,0.079
2026-05-28T02:39:53.588Z,24.9428558,121.3704196,0.226
2026-05-28T02:39:54.582Z,24.942856,121.3704191,-0.022
2026-05-28T02:39:55.593Z,24.9428557,121.3704192,-0.062
2026-05-28T02:39:56.582Z,24.9428549,121.3704181,0.248
2026-05-28T02:39:57.579Z,24.9428552,121.3704192,0.257
2026-05-28T02:39:58.604Z,24.9428547,121.3704183,0.35
2026-05-28T02:39:59.575Z,24.9428547,121.3704164,0.053
2026-05-28T02:40:00.587Z,24.9428546,121.3704163,0.042
2026-05-28T02:40:01.576Z,24.942856,121.3704157,0.276
2026-05-28T02:40:02.572Z,24.9428563,121.3704166,0.084
2026-05-28T02:40:03.574Z,24.9428569,121.3704179,0.033
2026-05-28T02:40:04.572Z,24.9428569,121.3704178,0.203
2026-05-28T02:40:05.575Z,24.9428579,121.3704185,0.276
2026-05-28T02:40:06.580Z,24.9428576,121.3704168,0.039
2026-05-28T02:40:07.581Z,24.9428589,121.3704161,0.387
2026-05-28T02:40:08.574Z,24.9428593,121.3704157,-0.067
2026-05-28T02:40:09.591Z,24.9428592,121.370417,-0.107
2026-05-28T02:40:10.582Z,24.9428591,121.3704176,0.192
2026-05-28T02:40:11.604Z,24.9428587,121.3704178,0.144
2026-05-28T02:40:12.580Z,24.942858,121.3704166,0.265
2026-05-28T02:40:13.589Z,24.9428566,121.3704158,0.186
2026-05-28T02:40:14.594Z,24.9428571,121.3704168,0.203
2026-05-28T02:40:15.582Z,24.9428572,121.370417,0.381
2026-05-28T02:40:16.581Z,24.9428584,121.3704188,0.214
2026-05-28T02:40:17.583Z,24.9428588,121.3704204,0.231
2026-05-28T02:40:18.579Z,24.9428595,121.3704232,0.412
2026-05-28T02:40:19.582Z,24.9428601,121.3704261,0.118
2026-05-28T02:40:20.617Z,24.9428608,121.3704274,0.113
2026-05-28T02:40:21.596Z,24.9428624,121.3704313,0.033
2026-05-28T02:40:22.574Z,24.9428638,121.3704347,0.197
2026-05-28T02:40:23.570Z,24.9428643,121.3704364,-0.169
2026-05-28T02:40:24.581Z,24.9428654,121.3704385,0.07
2026-05-28T02:40:25.580Z,24.9428674,121.3704419,0.062
2026-05-28T02:40:26.580Z,24.9428695,121.3704453,-0.18
2026-05-28T02:40:27.587Z,24.9428697,121.3704475,-0.005
2026-05-28T02:40:28.574Z,24.9428696,121.3704481,-0.096
2026-05-28T02:40:29.591Z,24.9428685,121.3704495,0.296
2026-05-28T02:40:30.595Z,24.9428674,121.3704521,0.356
2026-05-28T02:40:31.575Z,24.9428651,121.3704526,-0.005
2026-05-28T02:40:32.589Z,24.9428643,121.3704552,0.053
2026-05-28T02:40:33.585Z,24.9428638,121.3704583,-0.079
2026-05-28T02:40:34.567Z,24.9428627,121.3704609,0.05
2026-05-28T02:40:35.584Z,24.9428613,121.3704635,0.226
2026-05-28T02:40:36.585Z,24.9428592,121.370465,0.223
2026-05-28T02:40:37.568Z,24.942857,121.3704665,0.172
2026-05-28T02:40:38.584Z,24.9428555,121.3704684,-0.282
2026-05-28T02:40:39.598Z,24.9428552,121.370471,0.09
2026-05-28T02:40:40.601Z,24.9428558,121.3704729,0.025
2026-05-28T02:40:41.584Z,24.9428547,121.3704725,0.031
2026-05-28T02:40:42.584Z,24.9428543,121.3704743,0.002
2026-05-28T02:40:43.576Z,24.9428542,121.3704751,0.178
2026-05-28T02:40:44.587Z,24.9428541,121.3704769,0.087
2026-05-28T02:40:45.600Z,24.9428548,121.3704805,0.014
2026-05-28T02:40:46.586Z,24.9428551,121.3704823,0.073
2026-05-28T02:40:47.599Z,24.9428557,121.3704848,-0.079
2026-05-28T02:40:48.583Z,24.9428547,121.3704852,0.039
2026-05-28T02:40:49.606Z,24.9428546,121.3704861,0.073
2026-05-28T02:40:50.583Z,24.9428535,121.3704861,0.011
2026-05-28T02:40:51.570Z,24.942855,121.3704884,0.265
2026-05-28T02:40:52.589Z,24.9428561,121.3704912,0.511
2026-05-28T02:40:53.580Z,24.9428572,121.3704924,-0.276
2026-05-28T02:40:54.579Z,24.9428592,121.3704952,-0.011
2026-05-28T02:40:55.585Z,24.9428611,121.3704972,0.237
2026-05-28T02:40:56.613Z,24.9428619,121.3704982,0.214
2026-05-28T02:40:57.567Z,24.9428631,121.3705006,0.234
2026-05-28T02:40:58.578Z,24.9428636,121.3705022,0.011
2026-05-28T02:40:59.589Z,24.9428646,121.3705034,0.011
2026-05-28T02:41:00.585Z,24.9428646,121.370506,0.146
2026-05-28T02:41:01.568Z,24.9428653,121.3705063,-0.011
2026-05-28T02:41:02.580Z,24.9428651,121.3705061,0.059
2026-05-28T02:41:03.588Z,24.9428649,121.3705058,0.296
2026-05-28T02:41:04.584Z,24.9428654,121.3705071,-0.062
2026-05-28T02:41:05.582Z,24.942866,121.3705075,0.002
2026-05-28T02:41:06.584Z,24.9428667,121.3705088,0.443
2026-05-28T02:41:07.580Z,24.9428672,121.3705102,0.189
2026-05-28T02:41:08.582Z,24.9428673,121.370508,0.2
2026-05-28T02:41:09.586Z,24.9428669,121.370504,0.062
2026-05-28T02:41:10.579Z,24.9428684,121.3705033,0.33
2026-05-28T02:41:11.584Z,24.9428685,121.3705008,-0.101
2026-05-28T02:41:12.601Z,24.9428689,121.3705019,0.305
2026-05-28T02:41:13.607Z,24.9428687,121.3705011,0.172
2026-05-28T02:41:14.591Z,24.9428687,121.370502,-0.067
2026-05-28T02:41:15.617Z,24.9428703,121.3705048,0.18
2026-05-28T02:41:16.583Z,24.9428698,121.3705026,0.308
2026-05-28T02:41:17.581Z,24.9428692,121.3705,-0.067
2026-05-28T02:41:18.574Z,24.9428708,121.3705032,-0.033
2026-05-28T02:41:19.584Z,24.9428707,121.3705052,-0.073
2026-05-28T02:41:20.601Z,24.9428722,121.3705068,0.005
2026-05-28T02:41:21.578Z,24.9428721,121.3705044,0.469
2026-05-28T02:41:22.591Z,24.9428729,121.3705046,0.093
2026-05-28T02:41:23.584Z,24.9428726,121.3705024,-0.022
2026-05-28T02:41:24.562Z,24.9428731,121.3705002,0.217
2026-05-28T02:41:25.572Z,24.942873,121.3704999,-0.067
2026-05-28T02:41:26.583Z,24.9428732,121.3704995,0.07
2026-05-28T02:41:27.577Z,24.9428724,121.3704959,-0.022
2026-05-28T02:41:28.576Z,24.9428728,121.370496,0.011
2026-05-28T02:41:29.566Z,24.942872,121.3704942,0.183
2026-05-28T02:41:30.582Z,24.942873,121.3704939,0.042
2026-05-28T02:41:31.576Z,24.9428738,121.3704929,0.35
2026-05-28T02:41:32.582Z,24.9428747,121.3704921,0.161
2026-05-28T02:41:33.604Z,24.942875,121.3704905,0.076
2026-05-28T02:41:34.573Z,24.942876,121.3704915,0.214
2026-05-28T02:41:35.630Z,24.9428763,121.3704926,-0.016
2026-05-28T02:41:36.580Z,24.9428777,121.3704934,-0.271
2026-05-28T02:41:37.586Z,24.942878,121.3704894,0.113
2026-05-28T02:41:38.605Z,24.942878,121.3704886,0.093
2026-05-28T02:41:39.577Z,24.9428782,121.3704909,0.036
2026-05-28T02:41:40.579Z,24.9428783,121.3704913,-0.214
2026-05-28T02:41:41.581Z,24.9428789,121.3704918,-0.101
2026-05-28T02:41:42.576Z,24.9428803,121.3704931,0.053
2026-05-28T02:41:43.579Z,24.9428795,121.3704942,0.186
2026-05-28T02:41:44.573Z,24.9428797,121.3704927,0.014
2026-05-28T02:41:45.604Z,24.9428811,121.3704944,-0.045
2026-05-28T02:41:46.572Z,24.9428817,121.3704965,0.107
2026-05-28T02:41:47.572Z,24.9428819,121.3704965,0.031
2026-05-28T02:41:48.574Z,24.9428823,121.3704969,-0.022
2026-05-28T02:41:49.580Z,24.9428821,121.3704974,0.372
2026-05-28T02:41:50.586Z,24.9428826,121.3704977,0.039
2026-05-28T02:41:51.605Z,24.9428838,121.3705,0.288
2026-05-28T02:41:52.585Z,24.9428851,121.3705047,0.347
2026-05-28T02:41:53.587Z,24.9428868,121.3705065,0.031
2026-05-28T02:41:54.575Z,24.9428883,121.3705097,0.127
2026-05-28T02:41:55.572Z,24.9428891,121.3705109,0.113
2026-05-28T02:41:56.599Z,24.9428905,121.3705118,0.398
2026-05-28T02:41:57.587Z,24.9428921,121.3705125,0.132
2026-05-28T02:41:58.585Z,24.9428933,121.3705128,0.019
2026-05-28T02:41:59.585Z,24.942893,121.3705125,0.192
2026-05-28T02:42:00.573Z,24.9428941,121.3705169,0.11
2026-05-28T02:42:01.567Z,24.9428945,121.3705173,0.31
2026-05-28T02:42:02.575Z,24.9428962,121.3705185,0.081
2026-05-28T02:42:03.567Z,24.942897,121.37052,-0.033
2026-05-28T02:42:04.573Z,24.9428984,121.370524,0.011
2026-05-28T02:42:05.602Z,24.9428991,121.3705243,-0.124
2026-05-28T02:42:06.579Z,24.9429004,121.3705256,-0.005
2026-05-28T02:42:07.592Z,24.9429021,121.3705282,0.166
2026-05-28T02:42:08.590Z,24.9429035,121.3705303,0.209
2026-05-28T02:42:09.583Z,24.942903,121.3705299,-0.011
2026-05-28T02:42:10.573Z,24.9429025,121.3705295,-0.039
2026-05-28T02:42:11.580Z,24.9429032,121.3705303,-0.039
2026-05-28T02:42:12.566Z,24.942903,121.3705263,-0.146
2026-05-28T02:42:13.564Z,24.9429052,121.3705269,-0.067
2026-05-28T02:42:14.573Z,24.9429064,121.3705256,0.217
2026-05-28T02:42:15.591Z,24.9429076,121.3705283,0.161
2026-05-28T02:42:16.571Z,24.9429077,121.3705261,0.019
2026-05-28T02:42:17.565Z,24.9429066,121.3705219,-0.113
2026-05-28T02:42:18.588Z,24.942905,121.3705193,-0.096
2026-05-28T02:42:19.574Z,24.9429022,121.3705143,-0.022
2026-05-28T02:42:20.566Z,24.9429019,121.3705152,0.299
2026-05-28T02:42:21.575Z,24.9428996,121.3705144,0.141
2026-05-28T02:42:22.568Z,24.9428982,121.3705155,-0.067
2026-05-28T02:42:23.583Z,24.9428977,121.3705173,0.036
2026-05-28T02:42:24.575Z,24.9428951,121.3705149,0.016
2026-05-28T02:42:25.574Z,24.9428931,121.3705122,-0.096
2026-05-28T02:42:26.580Z,24.942893,121.3705153,0.05
2026-05-28T02:42:27.572Z,24.9428945,121.3705213,0.016
2026-05-28T02:42:28.575Z,24.9428977,121.3705267,-0.265
2026-05-28T02:42:29.574Z,24.9429043,121.3705404,0.257
2026-05-28T02:42:30.581Z,24.9429094,121.3705505,0.146
2026-05-28T02:42:31.573Z,24.942915,121.3705589,-0.158
2026-05-28T02:42:32.574Z,24.9429209,121.3705689,-0.129
2026-05-28T02:42:33.573Z,24.9429273,121.3705801,-1.356
2026-05-28T02:42:34.597Z,24.9429332,121.3705882,0.44
2026-05-28T02:42:35.576Z,24.9429385,121.3705987,0.155
2026-05-28T02:42:36.577Z,24.9429425,121.3706084,0.257
2026-05-28T02:42:37.595Z,24.9429459,121.3706183,0.155
2026-05-28T02:42:38.589Z,24.9429476,121.3706258,-0.101
2026-05-28T02:42:39.589Z,24.9429499,121.3706336,0.048
2026-05-28T02:42:40.583Z,24.9429514,121.3706379,0.059
2026-05-28T02:42:41.569Z,24.9429509,121.370637,0.282
2026-05-28T02:42:42.572Z,24.9429499,121.3706358,0.265
2026-05-28T02:42:43.572Z,24.9429472,121.3706311,0.149
2026-05-28T02:42:44.567Z,24.9429442,121.3706274,0.0
2026-05-28T02:42:45.582Z,24.9429394,121.3706208,-0.028
2026-05-28T02:42:46.583Z,24.9429335,121.3706114,0.045
2026-05-28T02:42:47.570Z,24.9429304,121.3706078,0.096
2026-05-28T02:42:48.568Z,24.9429267,121.3706007,0.031
2026-05-28T02:42:49.576Z,24.9429248,121.3705973,0.036
2026-05-28T02:42:50.579Z,24.942922,121.3705917,0.327
2026-05-28T02:42:51.570Z,24.9429223,121.3705904,-0.146
2026-05-28T02:42:52.576Z,24.9429228,121.3705909,-0.062
2026-05-28T02:42:53.566Z,24.9429248,121.3705928,0.124
2026-05-28T02:42:54.584Z,24.9429265,121.3705905,0.163
2026-05-28T02:42:55.564Z,24.9429296,121.370591,0.226
2026-05-28T02:42:56.579Z,24.9429341,121.3705946,0.025
2026-05-28T02:42:57.567Z,24.9429395,121.3706008,0.169
2026-05-28T02:42:58.582Z,24.9429446,121.370607,0.243
2026-05-28T02:42:59.580Z,24.9429498,121.370613,0.002
2026-05-28T02:43:00.582Z,24.942953,121.3706164,0.192
2026-05-28T02:43:01.618Z,24.9429558,121.3706212,0.113
2026-05-28T02:43:02.571Z,24.9429566,121.3706217,0.059
2026-05-28T02:43:03.575Z,24.9429552,121.3706192,0.226
2026-05-28T02:43:04.611Z,24.9429519,121.3706138,0.175
2026-05-28T02:43:05.577Z,24.942948,121.3706099,0.259
2026-05-28T02:43:06.586Z,24.9429439,121.3706031,0.166
2026-05-28T02:43:07.569Z,24.9429408,121.3705967,0.211
2026-05-28T02:43:08.563Z,24.9429377,121.370591,0.268
2026-05-28T02:43:09.579Z,24.9429352,121.3705877,0.259
2026-05-28T02:43:10.569Z,24.9429329,121.3705853,0.115
2026-05-28T02:43:11.572Z,24.9429304,121.3705813,0.231
2026-05-28T02:43:12.568Z,24.942928,121.37058,0.178
2026-05-28T02:43:13.578Z,24.9429258,121.370576,0.211
2026-05-28T02:43:14.570Z,24.9429249,121.3705741,0.084
2026-05-28T02:43:15.598Z,24.942926,121.3705763,0.387
2026-05-28T02:43:16.586Z,24.9429286,121.370581,0.059
2026-05-28T02:43:17.560Z,24.9429329,121.3705875,0.124
2026-05-28T02:43:18.579Z,24.9429386,121.3705945,0.045
2026-05-28T02:43:19.557Z,24.942939,121.3705944,-0.033
2026-05-28T02:43:20.561Z,24.9429394,121.370593,0.203
2026-05-28T02:43:21.562Z,24.9429403,121.3705935,0.079
2026-05-28T02:43:22.579Z,24.9429413,121.3705959,0.056
2026-05-28T02:43:23.607Z,24.9429414,121.3705958,-0.175
2026-05-28T02:43:24.566Z,24.942943,121.3705982,0.113
2026-05-28T02:43:25.577Z,24.942945,121.3706014,-0.101
2026-05-28T02:43:26.573Z,24.9429475,121.3706048,0.022
2026-05-28T02:43:27.574Z,24.9429497,121.3706096,-0.016
2026-05-28T02:43:28.562Z,24.9429521,121.3706145,0.389
2026-05-28T02:43:29.578Z,24.9429537,121.3706183,0.149
2026-05-28T02:43:30.581Z,24.9429544,121.3706183,0.214
2026-05-28T02:43:31.578Z,24.9429552,121.37062,0.178
2026-05-28T02:43:32.587Z,24.9429561,121.3706206,0.217
2026-05-28T02:43:33.575Z,24.942957,121.3706212,0.161
2026-05-28T02:43:34.568Z,24.9429577,121.3706225,0.11
2026-05-28T02:43:35.578Z,24.9429592,121.3706251,0.124
2026-05-28T02:43:36.585Z,24.9429592,121.3706243,0.276
2026-05-28T02:43:37.576Z,24.942958,121.370621,-0.203
2026-05-28T02:43:38.568Z,24.9429583,121.3706214,0.056
2026-05-28T02:43:39.641Z,24.9429581,121.3706206,-0.107
2026-05-28T02:43:40.571Z,24.9429588,121.370621,-0.022
2026-05-28T02:43:41.571Z,24.9429592,121.3706206,0.276
2026-05-28T02:43:42.579Z,24.9429601,121.3706221,0.254
2026-05-28T02:43:43.567Z,24.9429617,121.3706255,-0.305
2026-05-28T02:43:44.576Z,24.9429621,121.3706265,-0.497
2026-05-28T02:43:45.569Z,24.9429622,121.3706259,-0.322
2026-05-28T02:43:46.568Z,24.942965,121.3706302,0.118
2026-05-28T02:43:47.574Z,24.9429713,121.3706398,0.036
2026-05-28T02:43:48.575Z,24.9429815,121.3706542,0.101
2026-05-28T02:43:49.573Z,24.942993,121.3706714,-0.186
2026-05-28T02:43:50.606Z,24.943004,121.3706876,-0.282
2026-05-28T02:43:51.569Z,24.9430153,121.3707028,-0.288
2026-05-28T02:43:52.577Z,24.9430247,121.3707168,0.144
2026-05-28T02:43:53.578Z,24.9430327,121.3707295,0.079
2026-05-28T02:43:54.739Z,24.9430395,121.3707406,0.019
2026-05-28T02:43:55.586Z,24.9430448,121.3707497,0.146
2026-05-28T02:43:56.573Z,24.9430479,121.3707529,-0.146
2026-05-28T02:43:57.572Z,24.9430492,121.3707553,-0.107
2026-05-28T02:43:58.573Z,24.94305,121.3707588,0.048
2026-05-28T02:43:59.577Z,24.943051,121.3707618,-0.016
2026-05-28T02:44:00.566Z,24.9430536,121.3707653,-0.005
2026-05-28T02:44:01.570Z,24.9430526,121.3707642,0.048
2026-05-28T02:44:02.584Z,24.9430474,121.3707587,-0.248
2026-05-28T02:44:03.579Z,24.9430443,121.3707562,-0.056
2026-05-28T02:44:04.568Z,24.9430385,121.3707502,-0.124
2026-05-28T02:44:05.580Z,24.9430326,121.3707465,-0.175
2026-05-28T02:44:06.581Z,24.9430284,121.3707446,-0.158
2026-05-28T02:44:07.611Z,24.9430253,121.3707438,-0.028
2026-05-28T02:44:08.592Z,24.9430229,121.3707386,0.081
2026-05-28T02:44:09.575Z,24.9430295,121.3707465,-0.045
2026-05-28T02:44:10.576Z,24.943032,121.3707498,-0.18
2026-05-28T02:44:11.578Z,24.9430392,121.3707586,0.336
2026-05-28T02:44:12.601Z,24.9430463,121.3707682,-0.09
2026-05-28T02:44:13.566Z,24.9430523,121.3707772,0.002
2026-05-28T02:44:14.615Z,24.9430568,121.3707832,-0.197
2026-05-28T02:44:15.583Z,24.9430632,121.3707926,-0.084
2026-05-28T02:44:16.569Z,24.943071,121.3708014,0.005
2026-05-28T02:44:17.576Z,24.9430772,121.37081,0.11
2026-05-28T02:44:18.570Z,24.9430808,121.3708155,-0.158
2026-05-28T02:44:19.575Z,24.9430817,121.370817,0.025
2026-05-28T02:44:20.575Z,24.9430795,121.3708142,-0.039
2026-05-28T02:44:21.586Z,24.9430741,121.3708094,-0.022
2026-05-28T02:44:22.590Z,24.9430691,121.3708045,-0.045
2026-05-28T02:44:23.576Z,24.9430598,121.3707924,-0.339
2026-05-28T02:44:24.587Z,24.9430509,121.3707812,-0.016
2026-05-28T02:44:25.571Z,24.9430379,121.3707659,0.022
2026-05-28T02:44:26.579Z,24.9430231,121.3707482,0.096
2026-05-28T02:44:27.573Z,24.9430067,121.3707283,0.073
2026-05-28T02:44:28.569Z,24.9429935,121.3707104,0.146
2026-05-28T02:44:29.575Z,24.9429763,121.3706901,-0.135
2026-05-28T02:44:30.560Z,24.9429645,121.370676,0.146
2026-05-28T02:44:31.572Z,24.9429453,121.3706519,-0.169
2026-05-28T02:44:32.583Z,24.9429292,121.3706305,0.186
2026-05-28T02:44:33.575Z,24.9429182,121.3706168,0.067
2026-05-28T02:44:34.578Z,24.9429083,121.3706068,-0.062
2026-05-28T02:44:35.577Z,24.9429046,121.3706053,-0.073
2026-05-28T02:44:36.571Z,24.9429042,121.3706061,-0.079
2026-05-28T02:44:37.577Z,24.9428989,121.3706036,-0.175
2026-05-28T02:44:38.584Z,24.9428994,121.3706066,-0.101
2026-05-28T02:44:39.569Z,24.9428931,121.3705992,0.05
2026-05-28T02:44:40.571Z,24.9428829,121.3705865,-0.113
2026-05-28T02:44:41.582Z,24.9428707,121.3705707,0.098
2026-05-28T02:44:42.574Z,24.9428625,121.3705615,0.24
2026-05-28T02:44:43.577Z,24.9428535,121.3705493,0.09
2026-05-28T02:44:44.575Z,24.9428409,121.3705315,0.175
2026-05-28T02:44:45.569Z,24.9428298,121.3705168,-0.09
2026-05-28T02:44:46.583Z,24.9428195,121.3705026,-0.045
2026-05-28T02:44:47.578Z,24.942809,121.3704889,-0.039
2026-05-28T02:44:48.591Z,24.9427889,121.37046,-0.118
2026-05-28T02:44:49.694Z,24.942781,121.37045,0.014
2026-05-28T02:44:50.568Z,24.942774,121.3704413,0.028
2026-05-28T02:44:51.573Z,24.942767,121.3704314,-0.101
2026-05-28T02:44:52.578Z,24.9427628,121.3704261,-0.248
2026-05-28T02:44:53.589Z,24.9427597,121.3704228,0.022
2026-05-28T02:44:54.578Z,24.9427527,121.3704125,-0.011
2026-05-28T02:44:55.579Z,24.9427502,121.3704077,-0.271
2026-05-28T02:44:56.570Z,24.9427518,121.3704093,-0.056
2026-05-28T02:44:57.588Z,24.9427627,121.3704243,-0.09
2026-05-28T02:44:58.575Z,24.9427733,121.3704392,0.124
2026-05-28T02:44:59.588Z,24.9427915,121.3704647,0.194
2026-05-28T02:45:00.572Z,24.9428072,121.3704868,-0.062
2026-05-28T02:45:01.583Z,24.9428269,121.3705155,-0.045
2026-05-28T02:45:02.572Z,24.9428429,121.3705393,-0.209
2026-05-28T02:45:03.562Z,24.9428435,121.3705377,0.031
2026-05-28T02:45:04.578Z,24.9428432,121.3705367,-0.022
2026-05-28T02:45:05.567Z,24.9428442,121.3705371,-0.129
2026-05-28T02:45:06.572Z,24.9428449,121.3705383,-0.073
2026-05-28T02:45:07.557Z,24.9428476,121.3705396,-0.073
2026-05-28T02:45:08.577Z,24.9428491,121.370541,0.093
2026-05-28T02:45:09.574Z,24.9428992,121.3706113,-0.101
2026-05-28T02:45:10.591Z,24.9429444,121.3706777,-0.005
2026-05-28T02:45:11.573Z,24.9429747,121.3707274,0.203
2026-05-28T02:45:12.567Z,24.9429946,121.3707608,0.067
2026-05-28T02:45:13.589Z,24.9430029,121.3707749,0.033
2026-05-28T02:45:14.588Z,24.943007,121.3707818,0.025
2026-05-28T02:45:15.585Z,24.9430104,121.3707852,0.053
2026-05-28T02:45:16.566Z,24.9430099,121.3707834,0.107
2026-05-28T02:45:17.560Z,24.943004,121.3707764,-0.028
2026-05-28T02:45:18.577Z,24.9429962,121.3707651,0.2
2026-05-28T02:45:19.577Z,24.9429859,121.3707523,0.144
2026-05-28T02:45:20.571Z,24.9429779,121.3707416,-0.146
2026-05-28T02:45:21.567Z,24.9429703,121.3707286,-0.062
2026-05-28T02:45:22.582Z,24.9429656,121.3707203,0.059
2026-05-28T02:45:23.577Z,24.9429615,121.3707169,-0.011
2026-05-28T02:45:24.564Z,24.9429594,121.3707147,-0.045
2026-05-28T02:45:25.572Z,24.9429613,121.3707133,-0.192
2026-05-28T02:45:26.575Z,24.9429625,121.3707141,-0.276
2026-05-28T02:45:27.570Z,24.9429668,121.3707164,0.206
2026-05-28T02:45:28.562Z,24.9429709,121.3707226,-0.124
2026-05-28T02:45:29.562Z,24.9429771,121.3707337,-0.254
2026-05-28T02:45:30.589Z,24.942984,121.3707443,-0.016
2026-05-28T02:45:31.567Z,24.9429889,121.37075,0.014
2026-05-28T02:45:32.571Z,24.9429957,121.3707574,-0.158
2026-05-28T02:45:33.677Z,24.943002,121.3707629,-0.192
2026-05-28T02:45:34.560Z,24.9430072,121.3707667,0.118
2026-05-28T02:45:35.570Z,24.9430095,121.3707712,-0.372
2026-05-28T02:45:36.575Z,24.9430122,121.3707763,-0.107
2026-05-28T02:45:37.563Z,24.9430144,121.3707777,-0.316
2026-05-28T02:45:38.574Z,24.9430152,121.3707757,-0.203
2026-05-28T02:45:39.565Z,24.9430162,121.3707713,0.005
2026-05-28T02:45:40.575Z,24.943015,121.370768,-0.146
2026-05-28T02:45:41.583Z,24.9430121,121.3707636,-0.113
2026-05-28T02:45:42.569Z,24.9430095,121.3707576,-0.226
2026-05-28T02:45:43.575Z,24.9430077,121.3707553,-0.333
2026-05-28T02:45:44.570Z,24.9430058,121.3707543,-0.09
2026-05-28T02:45:45.576Z,24.9430047,121.3707532,0.008
2026-05-28T02:45:46.573Z,24.9430037,121.3707508,0.107
2026-05-28T02:45:47.564Z,24.9430035,121.3707511,0.129
2026-05-28T02:45:48.589Z,24.9430034,121.37075,-0.203
2026-05-28T02:45:49.574Z,24.9430034,121.3707464,-0.203
2026-05-28T02:45:50.629Z,24.9430049,121.3707437,-0.016
2026-05-28T02:45:51.576Z,24.9430092,121.370744,-0.067
2026-05-28T02:45:52.571Z,24.9430118,121.3707476,-0.118
2026-05-28T02:45:53.578Z,24.9430134,121.3707469,-0.033
2026-05-28T02:45:54.559Z,24.9430147,121.3707477,0.163
2026-05-28T02:45:55.568Z,24.943017,121.3707488,0.005
2026-05-28T02:45:56.571Z,24.9430185,121.3707447,0.18
2026-05-28T02:45:57.567Z,24.9430205,121.3707438,0.0
2026-05-28T02:45:58.577Z,24.943021,121.3707406,0.138
2026-05-28T02:45:59.569Z,24.9430206,121.3707368,-0.084
2026-05-28T02:46:00.566Z,24.9430197,121.3707349,0.098
2026-05-28T02:46:01.583Z,24.9430199,121.3707294,0.033
2026-05-28T02:46:02.572Z,24.9430183,121.3707232,0.138
2026-05-28T02:46:03.577Z,24.9430181,121.3707167,0.279
2026-05-28T02:46:04.576Z,24.9429844,121.370738,-0.079
2026-05-28T02:46:05.583Z,24.9429622,121.3707446,-0.322
2026-05-28T02:46:06.568Z,24.9429397,121.3707451,-0.203
2026-05-28T02:46:07.573Z,24.9429247,121.370743,-0.084
2026-05-28T02:46:08.572Z,24.9429144,121.3707296,-0.039
2026-05-28T02:46:09.589Z,24.9429007,121.3707109,-0.084
2026-05-28T02:46:10.582Z,24.9428893,121.3706959,0.141
2026-05-28T02:46:11.568Z,24.9428803,121.3706833,0.056
2026-05-28T02:46:12.577Z,24.9428729,121.3706748,0.05
2026-05-28T02:46:13.562Z,24.9428625,121.3706629,0.048
2026-05-28T02:46:14.602Z,24.9428568,121.3706555,-0.146
2026-05-28T02:46:15.567Z,24.9428442,121.3706416,-0.113
2026-05-28T02:46:16.561Z,24.9428343,121.3706284,-0.152
2026-05-28T02:46:17.582Z,24.9428182,121.3706104,-0.073
2026-05-28T02:46:18.570Z,24.9428058,121.3705933,-0.05
2026-05-28T02:46:19.574Z,24.942798,121.3705828,-0.067
2026-05-28T02:46:20.569Z,24.9427891,121.3705861,-0.265
2026-05-28T02:46:21.572Z,24.9427881,121.3705882,-0.079
